DateID,SampleDate
1,9/12/1967 0:00:00
2,9/13/1967 0:00:00
3,9/15/1967 0:00:00
4,9/16/1967 0:00:00
5,9/17/1967 0:00:00
6,9/18/1967 0:00:00
7,9/19/1967 0:00:00
8,9/20/1967 0:00:00
9,10/18/1967 0:00:00
10,10/19/1967 0:00:00
11,10/20/1967 0:00:00
12,10/21/1967 0:00:00
13,10/22/1967 0:00:00
14,10/23/1967 0:00:00
15,10/24/1967 0:00:00
16,11/14/1967 0:00:00
17,11/15/1967 0:00:00
18,11/16/1967 0:00:00
19,11/17/1967 0:00:00
20,11/18/1967 0:00:00
21,11/19/1967 0:00:00
22,11/20/1967 0:00:00
23,12/12/1967 0:00:00
24,12/15/1967 0:00:00
25,12/16/1967 0:00:00
26,12/17/1967 0:00:00
27,12/18/1967 0:00:00
28,12/19/1967 0:00:00
29,12/20/1967 0:00:00
30,12/21/1967 0:00:00
31,1/15/1968 0:00:00
32,1/16/1968 0:00:00
33,1/17/1968 0:00:00
34,1/18/1968 0:00:00
35,1/19/1968 0:00:00
36,1/20/1968 0:00:00
37,1/21/1968 0:00:00
38,2/13/1968 0:00:00
39,2/14/1968 0:00:00
40,2/15/1968 0:00:00
41,2/16/1968 0:00:00
42,2/17/1968 0:00:00
43,2/18/1968 0:00:00
44,2/19/1968 0:00:00
45,2/20/1968 0:00:00
46,3/12/1968 0:00:00
47,3/13/1968 0:00:00
48,3/14/1968 0:00:00
49,3/15/1968 0:00:00
50,3/16/1968 0:00:00
51,3/17/1968 0:00:00
52,3/18/1968 0:00:00
53,3/19/1968 0:00:00
54,8/14/1968 0:00:00
55,8/15/1968 0:00:00
56,8/16/1968 0:00:00
57,8/17/1968 0:00:00
58,8/18/1968 0:00:00
59,8/19/1968 0:00:00
60,8/20/1968 0:00:00
61,9/11/1968 0:00:00
62,9/12/1968 0:00:00
63,9/13/1968 0:00:00
64,9/14/1968 0:00:00
65,9/15/1968 0:00:00
66,9/17/1968 0:00:00
67,9/18/1968 0:00:00
68,9/19/1968 0:00:00
69,10/8/1968 0:00:00
70,10/9/1968 0:00:00
71,10/10/1968 0:00:00
72,10/11/1968 0:00:00
73,10/12/1968 0:00:00
74,10/13/1968 0:00:00
75,10/14/1968 0:00:00
76,11/5/1968 0:00:00
77,11/6/1968 0:00:00
78,11/7/1968 0:00:00
79,11/8/1968 0:00:00
80,11/9/1968 0:00:00
81,11/10/1968 0:00:00
82,11/11/1968 0:00:00
83,12/5/1968 0:00:00
84,12/6/1968 0:00:00
85,12/7/1968 0:00:00
86,12/8/1968 0:00:00
87,12/9/1968 0:00:00
88,12/10/1968 0:00:00
89,12/11/1968 0:00:00
90,1/4/1969 0:00:00
91,1/5/1969 0:00:00
92,1/6/1969 0:00:00
93,1/7/1969 0:00:00
94,1/8/1969 0:00:00
95,1/9/1969 0:00:00
96,1/10/1969 0:00:00
97,2/1/1969 0:00:00
98,2/2/1969 0:00:00
99,2/3/1969 0:00:00
100,2/4/1969 0:00:00
101,2/5/1969 0:00:00
102,2/6/1969 0:00:00
103,2/7/1969 0:00:00
104,3/5/1969 0:00:00
105,3/6/1969 0:00:00
106,3/7/1969 0:00:00
107,3/9/1969 0:00:00
108,3/14/1969 0:00:00
109,3/15/1969 0:00:00
110,3/16/1969 0:00:00
111,3/17/1969 0:00:00
112,3/18/1969 0:00:00
113,3/19/1969 0:00:00
114,3/20/1969 0:00:00
115,3/21/1969 0:00:00
116,3/22/1969 0:00:00
117,8/14/1969 0:00:00
118,8/15/1969 0:00:00
119,8/16/1969 0:00:00
120,8/17/1969 0:00:00
121,8/18/1969 0:00:00
122,8/19/1969 0:00:00
123,8/20/1969 0:00:00
124,8/21/1969 0:00:00
125,8/22/1969 0:00:00
126,9/11/1969 0:00:00
127,9/12/1969 0:00:00
128,9/13/1969 0:00:00
129,9/14/1969 0:00:00
130,9/15/1969 0:00:00
131,9/17/1969 0:00:00
132,9/18/1969 0:00:00
133,9/19/1969 0:00:00
134,9/20/1969 0:00:00
135,10/16/1969 0:00:00
136,10/17/1969 0:00:00
137,10/18/1969 0:00:00
138,10/20/1969 0:00:00
139,10/21/1969 0:00:00
140,10/22/1969 0:00:00
141,10/23/1969 0:00:00
142,10/24/1969 0:00:00
143,11/13/1969 0:00:00
144,11/14/1969 0:00:00
145,11/15/1969 0:00:00
146,12/11/1969 0:00:00
147,12/12/1969 0:00:00
148,12/14/1969 0:00:00
149,12/15/1969 0:00:00
150,12/16/1969 0:00:00
151,12/17/1969 0:00:00
152,12/18/1969 0:00:00
153,12/19/1969 0:00:00
154,1/10/1970 0:00:00
155,1/11/1970 0:00:00
156,1/13/1970 0:00:00
157,1/14/1970 0:00:00
158,1/15/1970 0:00:00
159,1/16/1970 0:00:00
160,1/17/1970 0:00:00
161,1/18/1970 0:00:00
162,3/13/1970 0:00:00
163,3/14/1970 0:00:00
164,3/15/1970 0:00:00
165,3/16/1970 0:00:00
166,3/17/1970 0:00:00
167,3/18/1970 0:00:00
168,3/19/1970 0:00:00
169,8/21/1970 0:00:00
170,8/22/1970 0:00:00
171,8/23/1970 0:00:00
172,8/24/1970 0:00:00
173,8/25/1970 0:00:00
174,8/26/1970 0:00:00
175,9/15/1970 0:00:00
176,9/16/1970 0:00:00
177,9/17/1970 0:00:00
178,9/18/1970 0:00:00
179,9/19/1970 0:00:00
180,9/20/1970 0:00:00
181,9/21/1970 0:00:00
182,10/14/1970 0:00:00
183,10/15/1970 0:00:00
184,10/16/1970 0:00:00
185,10/17/1970 0:00:00
186,10/18/1970 0:00:00
187,10/19/1970 0:00:00
188,10/20/1970 0:00:00
189,11/10/1970 0:00:00
190,11/11/1970 0:00:00
191,11/12/1970 0:00:00
192,11/13/1970 0:00:00
193,11/14/1970 0:00:00
194,11/15/1970 0:00:00
195,11/16/1970 0:00:00
196,12/10/1970 0:00:00
197,12/11/1970 0:00:00
198,12/12/1970 0:00:00
199,12/13/1970 0:00:00
200,12/14/1970 0:00:00
201,12/15/1970 0:00:00
202,12/16/1970 0:00:00
203,1/12/1971 0:00:00
204,1/13/1971 0:00:00
205,1/14/1971 0:00:00
206,1/15/1971 0:00:00
207,1/16/1971 0:00:00
208,1/17/1971 0:00:00
209,1/18/1971 0:00:00
210,2/9/1971 0:00:00
211,2/10/1971 0:00:00
212,2/11/1971 0:00:00
213,2/12/1971 0:00:00
214,2/13/1971 0:00:00
215,2/14/1971 0:00:00
216,2/15/1971 0:00:00
217,3/6/1971 0:00:00
218,3/7/1971 0:00:00
219,3/8/1971 0:00:00
220,3/9/1971 0:00:00
221,3/10/1971 0:00:00
222,3/11/1971 0:00:00
223,3/12/1971 0:00:00
224,8/10/1971 0:00:00
225,8/11/1971 0:00:00
226,8/12/1971 0:00:00
227,9/8/1971 0:00:00
228,9/9/1971 0:00:00
229,9/10/1971 0:00:00
230,9/13/1971 0:00:00
231,9/14/1971 0:00:00
232,9/15/1971 0:00:00
233,9/16/1971 0:00:00
234,9/17/1971 0:00:00
235,10/5/1971 0:00:00
236,10/6/1971 0:00:00
237,10/7/1971 0:00:00
238,10/12/1971 0:00:00
239,10/13/1971 0:00:00
240,10/14/1971 0:00:00
241,10/15/1971 0:00:00
242,11/3/1971 0:00:00
243,11/4/1971 0:00:00
244,11/5/1971 0:00:00
245,11/8/1971 0:00:00
246,11/9/1971 0:00:00
247,11/10/1971 0:00:00
248,11/11/1971 0:00:00
249,12/1/1971 0:00:00
250,12/2/1971 0:00:00
251,12/3/1971 0:00:00
252,12/6/1971 0:00:00
253,12/7/1971 0:00:00
254,12/8/1971 0:00:00
255,12/9/1971 0:00:00
256,1/3/1972 0:00:00
257,1/4/1972 0:00:00
258,1/5/1972 0:00:00
259,1/6/1972 0:00:00
260,1/11/1972 0:00:00
261,1/25/1972 0:00:00
262,1/26/1972 0:00:00
263,1/27/1972 0:00:00
264,1/28/1972 0:00:00
265,1/31/1972 0:00:00
266,2/1/1972 0:00:00
267,2/2/1972 0:00:00
268,2/3/1972 0:00:00
269,2/29/1972 0:00:00
270,3/1/1972 0:00:00
271,3/2/1972 0:00:00
272,3/3/1972 0:00:00
273,3/6/1972 0:00:00
274,3/7/1972 0:00:00
275,3/8/1972 0:00:00
276,3/9/1972 0:00:00
277,7/10/1972 0:00:00
278,7/11/1972 0:00:00
279,7/12/1972 0:00:00
280,7/13/1972 0:00:00
281,8/8/1972 0:00:00
282,8/9/1972 0:00:00
283,8/10/1972 0:00:00
284,8/11/1972 0:00:00
285,8/14/1972 0:00:00
286,8/15/1972 0:00:00
287,8/16/1972 0:00:00
288,8/17/1972 0:00:00
289,9/11/1972 0:00:00
290,9/12/1972 0:00:00
291,9/13/1972 0:00:00
292,9/14/1972 0:00:00
293,9/16/1972 0:00:00
294,9/17/1972 0:00:00
295,9/18/1972 0:00:00
296,9/19/1972 0:00:00
297,9/20/1972 0:00:00
298,9/21/1972 0:00:00
299,10/10/1972 0:00:00
300,10/11/1972 0:00:00
301,10/12/1972 0:00:00
302,10/13/1972 0:00:00
303,10/16/1972 0:00:00
304,10/17/1972 0:00:00
305,10/18/1972 0:00:00
306,10/19/1972 0:00:00
307,11/8/1972 0:00:00
308,11/9/1972 0:00:00
309,11/10/1972 0:00:00
310,11/13/1972 0:00:00
311,11/14/1972 0:00:00
312,11/15/1972 0:00:00
313,11/16/1972 0:00:00
314,12/5/1972 0:00:00
315,12/6/1972 0:00:00
316,12/7/1972 0:00:00
317,12/8/1972 0:00:00
318,12/11/1972 0:00:00
319,12/12/1972 0:00:00
320,12/13/1972 0:00:00
321,12/14/1972 0:00:00
322,1/10/1973 0:00:00
323,1/11/1973 0:00:00
324,1/12/1973 0:00:00
325,1/15/1973 0:00:00
326,1/17/1973 0:00:00
327,3/6/1973 0:00:00
328,3/7/1973 0:00:00
329,3/8/1973 0:00:00
330,3/9/1973 0:00:00
331,3/12/1973 0:00:00
332,3/13/1973 0:00:00
333,8/14/1973 0:00:00
334,8/15/1973 0:00:00
335,8/16/1973 0:00:00
336,8/17/1973 0:00:00
337,9/11/1973 0:00:00
338,9/12/1973 0:00:00
339,9/13/1973 0:00:00
340,9/14/1973 0:00:00
341,9/17/1973 0:00:00
342,9/18/1973 0:00:00
343,9/19/1973 0:00:00
344,9/20/1973 0:00:00
345,10/9/1973 0:00:00
346,10/10/1973 0:00:00
347,10/11/1973 0:00:00
348,10/12/1973 0:00:00
349,10/15/1973 0:00:00
350,10/16/1973 0:00:00
351,10/17/1973 0:00:00
352,11/9/1973 0:00:00
353,11/12/1973 0:00:00
354,11/13/1973 0:00:00
355,11/14/1973 0:00:00
356,11/15/1973 0:00:00
357,12/10/1973 0:00:00
358,12/11/1973 0:00:00
359,12/12/1973 0:00:00
360,12/13/1973 0:00:00
361,12/14/1973 0:00:00
362,1/14/1974 0:00:00
363,1/15/1974 0:00:00
364,1/16/1974 0:00:00
365,1/17/1974 0:00:00
366,1/18/1974 0:00:00
367,9/15/1975 0:00:00
368,9/16/1975 0:00:00
369,9/17/1975 0:00:00
370,9/18/1975 0:00:00
371,9/19/1975 0:00:00
372,9/22/1975 0:00:00
373,10/13/1975 0:00:00
374,10/14/1975 0:00:00
375,10/15/1975 0:00:00
376,10/16/1975 0:00:00
377,10/17/1975 0:00:00
378,11/11/1975 0:00:00
379,11/12/1975 0:00:00
380,11/13/1975 0:00:00
381,11/14/1975 0:00:00
382,11/17/1975 0:00:00
383,11/19/1975 0:00:00
384,12/11/1975 0:00:00
385,12/12/1975 0:00:00
386,12/15/1975 0:00:00
387,12/16/1975 0:00:00
388,12/17/1975 0:00:00
389,10/8/1976 0:00:00
390,10/11/1976 0:00:00
391,10/12/1976 0:00:00
392,10/13/1976 0:00:00
393,10/14/1976 0:00:00
394,10/15/1976 0:00:00
395,11/15/1976 0:00:00
396,11/16/1976 0:00:00
397,11/22/1976 0:00:00
398,11/23/1976 0:00:00
399,11/24/1976 0:00:00
400,11/26/1976 0:00:00
401,1/10/1977 0:00:00
402,1/11/1977 0:00:00
403,1/12/1977 0:00:00
404,1/13/1977 0:00:00
405,1/14/1977 0:00:00
406,1/17/1977 0:00:00
407,9/12/1977 0:00:00
408,9/13/1977 0:00:00
409,9/14/1977 0:00:00
410,9/15/1977 0:00:00
411,9/16/1977 0:00:00
412,9/19/1977 0:00:00
413,9/20/1977 0:00:00
414,9/21/1977 0:00:00
415,10/10/1977 0:00:00
416,10/11/1977 0:00:00
417,10/12/1977 0:00:00
418,10/13/1977 0:00:00
419,10/14/1977 0:00:00
420,10/18/1977 0:00:00
421,10/19/1977 0:00:00
422,10/20/1977 0:00:00
423,11/7/1977 0:00:00
424,11/8/1977 0:00:00
425,11/9/1977 0:00:00
426,11/10/1977 0:00:00
427,11/11/1977 0:00:00
428,11/14/1977 0:00:00
429,11/15/1977 0:00:00
430,11/16/1977 0:00:00
431,12/5/1977 0:00:00
432,12/6/1977 0:00:00
433,12/7/1977 0:00:00
434,12/8/1977 0:00:00
435,12/9/1977 0:00:00
436,12/11/1977 0:00:00
437,12/12/1977 0:00:00
438,12/13/1977 0:00:00
439,12/14/1977 0:00:00
440,1/9/1978 0:00:00
441,1/10/1978 0:00:00
442,1/11/1978 0:00:00
443,1/12/1978 0:00:00
444,1/13/1978 0:00:00
445,1/17/1978 0:00:00
446,1/18/1978 0:00:00
447,1/19/1978 0:00:00
448,3/7/1978 0:00:00
449,3/8/1978 0:00:00
450,3/9/1978 0:00:00
451,3/10/1978 0:00:00
452,3/13/1978 0:00:00
453,3/14/1978 0:00:00
454,3/15/1978 0:00:00
455,3/16/1978 0:00:00
456,9/11/1978 0:00:00
457,9/12/1978 0:00:00
458,9/13/1978 0:00:00
459,9/14/1978 0:00:00
460,9/15/1978 0:00:00
461,9/18/1978 0:00:00
462,9/19/1978 0:00:00
463,9/20/1978 0:00:00
464,9/21/1978 0:00:00
465,10/9/1978 0:00:00
466,10/10/1978 0:00:00
467,10/11/1978 0:00:00
468,10/12/1978 0:00:00
469,10/13/1978 0:00:00
470,10/16/1978 0:00:00
471,10/18/1978 0:00:00
472,10/19/1978 0:00:00
473,11/13/1978 0:00:00
474,11/14/1978 0:00:00
475,11/15/1978 0:00:00
476,11/16/1978 0:00:00
477,11/17/1978 0:00:00
478,11/20/1978 0:00:00
479,11/21/1978 0:00:00
480,11/22/1978 0:00:00
481,11/28/1978 0:00:00
482,12/11/1978 0:00:00
483,12/12/1978 0:00:00
484,12/13/1978 0:00:00
485,12/14/1978 0:00:00
486,12/15/1978 0:00:00
487,12/18/1978 0:00:00
488,12/19/1978 0:00:00
489,12/20/1978 0:00:00
490,2/7/1979 0:00:00
491,2/8/1979 0:00:00
492,2/9/1979 0:00:00
493,2/12/1979 0:00:00
494,2/13/1979 0:00:00
495,2/14/1979 0:00:00
496,2/15/1979 0:00:00
497,2/16/1979 0:00:00
498,9/11/1980 0:00:00
499,9/12/1980 0:00:00
500,9/15/1980 0:00:00
501,9/16/1980 0:00:00
502,9/17/1980 0:00:00
503,9/18/1980 0:00:00
504,10/9/1980 0:00:00
505,10/10/1980 0:00:00
506,10/13/1980 0:00:00
507,10/15/1980 0:00:00
508,10/16/1980 0:00:00
509,10/17/1980 0:00:00
510,11/6/1980 0:00:00
511,11/7/1980 0:00:00
512,11/10/1980 0:00:00
513,11/12/1980 0:00:00
514,11/13/1980 0:00:00
515,11/14/1980 0:00:00
516,12/4/1980 0:00:00
517,12/5/1980 0:00:00
518,12/8/1980 0:00:00
519,12/9/1980 0:00:00
520,12/10/1980 0:00:00
521,12/11/1980 0:00:00
522,9/21/1981 0:00:00
523,9/22/1981 0:00:00
524,9/23/1981 0:00:00
525,9/24/1981 0:00:00
526,9/25/1981 0:00:00
527,9/26/1981 0:00:00
528,9/28/1981 0:00:00
529,10/13/1981 0:00:00
530,10/14/1981 0:00:00
531,10/15/1981 0:00:00
532,10/16/1981 0:00:00
533,10/19/1981 0:00:00
534,10/20/1981 0:00:00
535,11/9/1981 0:00:00
536,11/10/1981 0:00:00
537,11/12/1981 0:00:00
538,11/13/1981 0:00:00
539,11/16/1981 0:00:00
540,11/17/1981 0:00:00
541,12/7/1981 0:00:00
542,12/10/1981 0:00:00
543,12/11/1981 0:00:00
544,12/14/1981 0:00:00
545,12/15/1981 0:00:00
546,9/14/1982 0:00:00
547,9/15/1982 0:00:00
548,9/16/1982 0:00:00
549,9/17/1982 0:00:00
550,9/20/1982 0:00:00
551,9/21/1982 0:00:00
552,10/18/1982 0:00:00
553,10/19/1982 0:00:00
554,10/20/1982 0:00:00
555,10/21/1982 0:00:00
556,10/22/1982 0:00:00
557,10/26/1982 0:00:00
558,11/8/1982 0:00:00
559,11/9/1982 0:00:00
560,11/10/1982 0:00:00
561,11/11/1982 0:00:00
562,11/12/1982 0:00:00
563,11/15/1982 0:00:00
564,12/6/1982 0:00:00
565,12/9/1982 0:00:00
566,12/13/1982 0:00:00
567,12/14/1982 0:00:00
568,12/15/1982 0:00:00
569,12/16/1982 0:00:00
570,9/12/1983 0:00:00
571,9/13/1983 0:00:00
572,9/14/1983 0:00:00
573,9/15/1983 0:00:00
574,9/20/1983 0:00:00
575,9/21/1983 0:00:00
576,10/11/1983 0:00:00
577,10/12/1983 0:00:00
578,10/13/1983 0:00:00
579,10/14/1983 0:00:00
580,10/16/1983 0:00:00
581,10/18/1983 0:00:00
582,11/7/1983 0:00:00
583,11/8/1983 0:00:00
584,11/9/1983 0:00:00
585,11/10/1983 0:00:00
586,11/14/1983 0:00:00
587,11/15/1983 0:00:00
588,12/4/1983 0:00:00
589,12/5/1983 0:00:00
590,12/6/1983 0:00:00
591,12/7/1983 0:00:00
592,12/9/1983 0:00:00
593,12/12/1983 0:00:00
594,9/10/1984 0:00:00
595,9/11/1984 0:00:00
596,9/12/1984 0:00:00
597,9/13/1984 0:00:00
598,9/14/1984 0:00:00
599,9/17/1984 0:00:00
600,10/9/1984 0:00:00
601,10/10/1984 0:00:00
602,10/11/1984 0:00:00
603,10/12/1984 0:00:00
604,10/16/1984 0:00:00
605,11/5/1984 0:00:00
606,11/6/1984 0:00:00
607,11/7/1984 0:00:00
608,11/8/1984 0:00:00
609,11/9/1984 0:00:00
610,12/3/1984 0:00:00
611,12/4/1984 0:00:00
612,12/5/1984 0:00:00
613,12/6/1984 0:00:00
614,12/7/1984 0:00:00
615,9/9/1985 0:00:00
616,9/10/1985 0:00:00
617,9/11/1985 0:00:00
618,9/12/1985 0:00:00
619,9/16/1985 0:00:00
620,9/17/1985 0:00:00
621,10/7/1985 0:00:00
622,10/8/1985 0:00:00
623,10/9/1985 0:00:00
624,10/10/1985 0:00:00
625,10/15/1985 0:00:00
626,10/16/1985 0:00:00
627,11/4/1985 0:00:00
628,11/5/1985 0:00:00
629,11/6/1985 0:00:00
630,11/7/1985 0:00:00
631,11/8/1985 0:00:00
632,12/5/1985 0:00:00
633,12/6/1985 0:00:00
634,12/10/1985 0:00:00
635,12/11/1985 0:00:00
636,12/12/1985 0:00:00
637,9/9/1986 0:00:00
638,9/10/1986 0:00:00
639,9/11/1986 0:00:00
640,9/12/1986 0:00:00
641,9/15/1986 0:00:00
642,9/16/1986 0:00:00
643,10/6/1986 0:00:00
644,10/7/1986 0:00:00
645,10/8/1986 0:00:00
646,10/9/1986 0:00:00
647,10/10/1986 0:00:00
648,10/14/1986 0:00:00
649,11/3/1986 0:00:00
650,11/4/1986 0:00:00
651,11/5/1986 0:00:00
652,11/6/1986 0:00:00
653,11/7/1986 0:00:00
654,11/10/1986 0:00:00
655,12/1/1986 0:00:00
656,12/2/1986 0:00:00
657,12/3/1986 0:00:00
658,12/4/1986 0:00:00
659,12/5/1986 0:00:00
660,9/8/1987 0:00:00
661,9/9/1987 0:00:00
662,9/10/1987 0:00:00
663,9/11/1987 0:00:00
664,9/14/1987 0:00:00
665,9/15/1987 0:00:00
666,10/1/1987 0:00:00
667,10/5/1987 0:00:00
668,10/6/1987 0:00:00
669,10/7/1987 0:00:00
670,10/8/1987 0:00:00
671,10/9/1987 0:00:00
672,11/10/1987 0:00:00
673,11/11/1987 0:00:00
674,11/12/1987 0:00:00
675,11/13/1987 0:00:00
676,11/16/1987 0:00:00
677,11/17/1987 0:00:00
678,12/7/1987 0:00:00
679,12/8/1987 0:00:00
680,12/9/1987 0:00:00
681,12/10/1987 0:00:00
682,12/11/1987 0:00:00
683,12/14/1987 0:00:00
684,12/15/1987 0:00:00
685,9/12/1988 0:00:00
686,9/13/1988 0:00:00
687,9/15/1988 0:00:00
688,9/19/1988 0:00:00
689,9/20/1988 0:00:00
690,9/21/1988 0:00:00
691,9/22/1988 0:00:00
692,10/3/1988 0:00:00
693,10/4/1988 0:00:00
694,10/5/1988 0:00:00
695,10/6/1988 0:00:00
696,10/7/1988 0:00:00
697,10/11/1988 0:00:00
698,11/7/1988 0:00:00
699,11/8/1988 0:00:00
700,11/9/1988 0:00:00
701,11/14/1988 0:00:00
702,11/15/1988 0:00:00
703,11/16/1988 0:00:00
704,12/6/1988 0:00:00
705,12/8/1988 0:00:00
706,12/9/1988 0:00:00
707,12/12/1988 0:00:00
708,12/13/1988 0:00:00
709,9/12/1989 0:00:00
710,9/13/1989 0:00:00
711,9/14/1989 0:00:00
712,9/15/1989 0:00:00
713,9/18/1989 0:00:00
714,9/19/1989 0:00:00
715,10/2/1989 0:00:00
716,10/3/1989 0:00:00
717,10/4/1989 0:00:00
718,10/5/1989 0:00:00
719,10/6/1989 0:00:00
720,10/10/1989 0:00:00
721,11/6/1989 0:00:00
722,11/7/1989 0:00:00
723,11/8/1989 0:00:00
724,11/9/1989 0:00:00
725,11/13/1989 0:00:00
726,11/14/1989 0:00:00
727,12/4/1989 0:00:00
728,12/5/1989 0:00:00
729,12/6/1989 0:00:00
730,12/7/1989 0:00:00
731,12/8/1989 0:00:00
732,12/11/1989 0:00:00
733,12/12/1989 0:00:00
734,9/10/1990 0:00:00
735,9/11/1990 0:00:00
736,9/12/1990 0:00:00
737,9/13/1990 0:00:00
738,9/14/1990 0:00:00
739,9/17/1990 0:00:00
740,10/1/1990 0:00:00
741,10/2/1990 0:00:00
742,10/3/1990 0:00:00
743,10/4/1990 0:00:00
744,10/5/1990 0:00:00
745,10/9/1990 0:00:00
746,11/5/1990 0:00:00
747,11/6/1990 0:00:00
748,11/7/1990 0:00:00
749,11/8/1990 0:00:00
750,11/9/1990 0:00:00
751,11/15/1990 0:00:00
752,12/3/1990 0:00:00
753,12/4/1990 0:00:00
754,12/5/1990 0:00:00
755,12/6/1990 0:00:00
756,12/10/1990 0:00:00
757,12/11/1990 0:00:00
758,1/7/1991 0:00:00
759,1/8/1991 0:00:00
760,1/9/1991 0:00:00
761,1/10/1991 0:00:00
762,1/11/1991 0:00:00
763,1/14/1991 0:00:00
764,2/4/1991 0:00:00
765,2/5/1991 0:00:00
766,2/6/1991 0:00:00
767,2/7/1991 0:00:00
768,2/8/1991 0:00:00
769,2/11/1991 0:00:00
770,3/5/1991 0:00:00
771,3/6/1991 0:00:00
772,3/7/1991 0:00:00
773,3/11/1991 0:00:00
774,3/12/1991 0:00:00
775,3/13/1991 0:00:00
776,9/9/1991 0:00:00
777,9/10/1991 0:00:00
778,9/11/1991 0:00:00
779,9/12/1991 0:00:00
780,9/13/1991 0:00:00
781,9/16/1991 0:00:00
782,9/17/1991 0:00:00
783,10/9/1991 0:00:00
784,10/10/1991 0:00:00
785,10/11/1991 0:00:00
786,10/15/1991 0:00:00
787,10/16/1991 0:00:00
788,10/17/1991 0:00:00
789,10/18/1991 0:00:00
790,11/4/1991 0:00:00
791,11/5/1991 0:00:00
792,11/6/1991 0:00:00
793,11/7/1991 0:00:00
794,11/8/1991 0:00:00
795,11/12/1991 0:00:00
796,11/18/1991 0:00:00
797,11/19/1991 0:00:00
798,12/2/1991 0:00:00
799,12/3/1991 0:00:00
800,12/4/1991 0:00:00
801,12/5/1991 0:00:00
802,12/6/1991 0:00:00
803,12/9/1991 0:00:00
804,12/10/1991 0:00:00
805,1/6/1992 0:00:00
806,1/7/1992 0:00:00
807,1/8/1992 0:00:00
808,1/9/1992 0:00:00
809,1/10/1992 0:00:00
810,1/13/1992 0:00:00
811,1/14/1992 0:00:00
812,2/3/1992 0:00:00
813,2/4/1992 0:00:00
814,2/5/1992 0:00:00
815,2/6/1992 0:00:00
816,2/7/1992 0:00:00
817,2/10/1992 0:00:00
818,2/11/1992 0:00:00
819,3/9/1992 0:00:00
820,3/10/1992 0:00:00
821,3/11/1992 0:00:00
822,3/16/1992 0:00:00
823,3/17/1992 0:00:00
824,3/18/1992 0:00:00
825,3/19/1992 0:00:00
826,3/20/1992 0:00:00
827,4/23/1992 0:00:00
828,6/2/1992 0:00:00
829,6/3/1992 0:00:00
830,6/4/1992 0:00:00
831,6/5/1992 0:00:00
832,9/8/1992 0:00:00
833,9/9/1992 0:00:00
834,9/10/1992 0:00:00
835,9/14/1992 0:00:00
836,9/15/1992 0:00:00
837,9/16/1992 0:00:00
838,9/17/1992 0:00:00
839,9/18/1992 0:00:00
840,10/5/1992 0:00:00
841,10/6/1992 0:00:00
842,10/7/1992 0:00:00
843,10/8/1992 0:00:00
844,10/9/1992 0:00:00
845,10/14/1992 0:00:00
846,10/19/1992 0:00:00
847,10/20/1992 0:00:00
848,11/2/1992 0:00:00
849,11/3/1992 0:00:00
850,11/4/1992 0:00:00
851,11/5/1992 0:00:00
852,11/6/1992 0:00:00
853,11/9/1992 0:00:00
854,11/12/1992 0:00:00
855,11/13/1992 0:00:00
856,12/7/1992 0:00:00
857,12/8/1992 0:00:00
858,12/9/1992 0:00:00
859,12/10/1992 0:00:00
860,12/11/1992 0:00:00
861,12/14/1992 0:00:00
862,12/17/1992 0:00:00
863,12/18/1992 0:00:00
864,1/6/1993 0:00:00
865,1/7/1993 0:00:00
866,1/8/1993 0:00:00
867,1/11/1993 0:00:00
868,1/12/1993 0:00:00
869,1/13/1993 0:00:00
870,1/14/1993 0:00:00
871,1/15/1993 0:00:00
872,2/3/1993 0:00:00
873,2/4/1993 0:00:00
874,2/5/1993 0:00:00
875,2/8/1993 0:00:00
876,2/9/1993 0:00:00
877,2/10/1993 0:00:00
878,2/11/1993 0:00:00
879,2/16/1993 0:00:00
880,3/8/1993 0:00:00
881,3/9/1993 0:00:00
882,3/10/1993 0:00:00
883,3/11/1993 0:00:00
884,3/12/1993 0:00:00
885,3/16/1993 0:00:00
886,3/18/1993 0:00:00
887,4/5/1993 0:00:00
888,4/6/1993 0:00:00
889,4/7/1993 0:00:00
890,4/8/1993 0:00:00
891,4/14/1993 0:00:00
892,4/15/1993 0:00:00
893,4/16/1993 0:00:00
894,5/3/1993 0:00:00
895,5/4/1993 0:00:00
896,5/5/1993 0:00:00
897,5/6/1993 0:00:00
898,5/7/1993 0:00:00
899,5/12/1993 0:00:00
900,5/13/1993 0:00:00
901,5/14/1993 0:00:00
902,8/9/1993 0:00:00
903,8/10/1993 0:00:00
904,8/11/1993 0:00:00
905,8/12/1993 0:00:00
906,8/13/1993 0:00:00
907,8/16/1993 0:00:00
908,8/17/1993 0:00:00
909,9/7/1993 0:00:00
910,9/8/1993 0:00:00
911,9/9/1993 0:00:00
912,9/10/1993 0:00:00
913,9/13/1993 0:00:00
914,9/14/1993 0:00:00
915,9/15/1993 0:00:00
916,10/4/1993 0:00:00
917,10/5/1993 0:00:00
918,10/6/1993 0:00:00
919,10/7/1993 0:00:00
920,10/8/1993 0:00:00
921,10/13/1993 0:00:00
922,10/14/1993 0:00:00
923,11/8/1993 0:00:00
924,11/9/1993 0:00:00
925,11/10/1993 0:00:00
926,11/15/1993 0:00:00
927,11/16/1993 0:00:00
928,11/17/1993 0:00:00
929,11/18/1993 0:00:00
930,12/6/1993 0:00:00
931,12/7/1993 0:00:00
932,12/8/1993 0:00:00
933,12/9/1993 0:00:00
934,12/10/1993 0:00:00
935,12/15/1993 0:00:00
936,12/16/1993 0:00:00
937,1/10/1994 0:00:00
938,1/11/1994 0:00:00
939,1/12/1994 0:00:00
940,1/14/1994 0:00:00
941,1/19/1994 0:00:00
942,1/20/1994 0:00:00
943,1/21/1994 0:00:00
944,2/8/1994 0:00:00
945,2/9/1994 0:00:00
946,2/10/1994 0:00:00
947,2/11/1994 0:00:00
948,2/14/1994 0:00:00
949,2/15/1994 0:00:00
950,2/17/1994 0:00:00
951,2/18/1994 0:00:00
952,3/7/1994 0:00:00
953,3/8/1994 0:00:00
954,3/9/1994 0:00:00
955,3/10/1994 0:00:00
956,3/11/1994 0:00:00
957,3/18/1994 0:00:00
958,3/21/1994 0:00:00
959,4/4/1994 0:00:00
960,4/5/1994 0:00:00
961,4/6/1994 0:00:00
962,4/11/1994 0:00:00
963,4/12/1994 0:00:00
964,4/13/1994 0:00:00
965,8/1/1994 0:00:00
966,8/2/1994 0:00:00
967,8/3/1994 0:00:00
968,8/4/1994 0:00:00
969,8/6/1994 0:00:00
970,8/8/1994 0:00:00
971,8/9/1994 0:00:00
972,8/10/1994 0:00:00
973,9/6/1994 0:00:00
974,9/7/1994 0:00:00
975,9/8/1994 0:00:00
976,9/12/1994 0:00:00
977,9/13/1994 0:00:00
978,9/14/1994 0:00:00
979,9/15/1994 0:00:00
980,9/16/1994 0:00:00
981,10/4/1994 0:00:00
982,10/5/1994 0:00:00
983,10/6/1994 0:00:00
984,10/7/1994 0:00:00
985,10/11/1994 0:00:00
986,10/12/1994 0:00:00
987,10/13/1994 0:00:00
988,11/7/1994 0:00:00
989,11/8/1994 0:00:00
990,11/9/1994 0:00:00
991,11/10/1994 0:00:00
992,11/14/1994 0:00:00
993,11/15/1994 0:00:00
994,11/16/1994 0:00:00
995,11/17/1994 0:00:00
996,11/18/1994 0:00:00
997,12/5/1994 0:00:00
998,12/6/1994 0:00:00
999,12/7/1994 0:00:00
1000,12/8/1994 0:00:00
1001,12/12/1994 0:00:00
1002,12/13/1994 0:00:00
1003,12/15/1994 0:00:00
1004,1/4/1995 0:00:00
1005,1/5/1995 0:00:00
1006,1/6/1995 0:00:00
1007,1/9/1995 0:00:00
1008,1/10/1995 0:00:00
1009,1/11/1995 0:00:00
1010,1/12/1995 0:00:00
1011,1/13/1995 0:00:00
1012,2/6/1995 0:00:00
1013,2/7/1995 0:00:00
1014,2/8/1995 0:00:00
1015,2/9/1995 0:00:00
1016,2/13/1995 0:00:00
1017,2/15/1995 0:00:00
1018,2/16/1995 0:00:00
1019,3/6/1995 0:00:00
1020,3/7/1995 0:00:00
1021,3/8/1995 0:00:00
1022,3/9/1995 0:00:00
1023,3/13/1995 0:00:00
1024,3/14/1995 0:00:00
1025,4/3/1995 0:00:00
1026,4/4/1995 0:00:00
1027,4/5/1995 0:00:00
1028,4/6/1995 0:00:00
1029,4/10/1995 0:00:00
1030,9/6/1995 0:00:00
1031,9/7/1995 0:00:00
1032,9/8/1995 0:00:00
1033,9/11/1995 0:00:00
1034,9/12/1995 0:00:00
1035,9/13/1995 0:00:00
1036,9/14/1995 0:00:00
1037,9/18/1995 0:00:00
1038,10/11/1995 0:00:00
1039,10/12/1995 0:00:00
1040,10/13/1995 0:00:00
1041,10/16/1995 0:00:00
1042,10/17/1995 0:00:00
1043,10/18/1995 0:00:00
1044,10/19/1995 0:00:00
1045,10/23/1995 0:00:00
1046,11/7/1995 0:00:00
1047,11/8/1995 0:00:00
1048,11/9/1995 0:00:00
1049,11/13/1995 0:00:00
1050,11/14/1995 0:00:00
1051,11/15/1995 0:00:00
1052,11/16/1995 0:00:00
1053,12/5/1995 0:00:00
1054,12/6/1995 0:00:00
1055,12/7/1995 0:00:00
1056,12/8/1995 0:00:00
1057,12/11/1995 0:00:00
1058,12/13/1995 0:00:00
1059,1/3/1996 0:00:00
1060,1/4/1996 0:00:00
1061,1/5/1996 0:00:00
1062,1/8/1996 0:00:00
1063,1/9/1996 0:00:00
1064,1/10/1996 0:00:00
1065,2/6/1996 0:00:00
1066,2/7/1996 0:00:00
1067,2/8/1996 0:00:00
1068,2/9/1996 0:00:00
1069,2/13/1996 0:00:00
1070,2/14/1996 0:00:00
1071,2/15/1996 0:00:00
1072,3/5/1996 0:00:00
1073,3/6/1996 0:00:00
1074,3/7/1996 0:00:00
1075,3/8/1996 0:00:00
1076,3/12/1996 0:00:00
1077,3/13/1996 0:00:00
1078,3/14/1996 0:00:00
1079,3/15/1996 0:00:00
1080,8/5/1996 0:00:00
1081,8/6/1996 0:00:00
1082,8/7/1996 0:00:00
1083,8/8/1996 0:00:00
1084,8/12/1996 0:00:00
1085,8/13/1996 0:00:00
1086,8/14/1996 0:00:00
1087,8/19/1996 0:00:00
1088,9/3/1996 0:00:00
1089,9/4/1996 0:00:00
1090,9/5/1996 0:00:00
1091,9/6/1996 0:00:00
1092,9/9/1996 0:00:00
1093,9/10/1996 0:00:00
1094,9/11/1996 0:00:00
1095,9/12/1996 0:00:00
1096,10/7/1996 0:00:00
1097,10/8/1996 0:00:00
1098,10/9/1996 0:00:00
1099,10/10/1996 0:00:00
1100,10/11/1996 0:00:00
1101,10/15/1996 0:00:00
1102,10/16/1996 0:00:00
1103,10/17/1996 0:00:00
1104,11/5/1996 0:00:00
1105,11/6/1996 0:00:00
1106,11/7/1996 0:00:00
1107,11/8/1996 0:00:00
1108,11/12/1996 0:00:00
1109,11/13/1996 0:00:00
1110,11/14/1996 0:00:00
1111,12/9/1996 0:00:00
1112,12/10/1996 0:00:00
1113,12/11/1996 0:00:00
1114,12/12/1996 0:00:00
1115,12/16/1996 0:00:00
1116,12/17/1996 0:00:00
1117,12/18/1996 0:00:00
1118,12/19/1996 0:00:00
1119,2/4/1997 0:00:00
1120,2/5/1997 0:00:00
1121,2/6/1997 0:00:00
1122,2/10/1997 0:00:00
1123,2/11/1997 0:00:00
1124,2/13/1997 0:00:00
1125,3/3/1997 0:00:00
1126,3/4/1997 0:00:00
1127,3/5/1997 0:00:00
1128,3/6/1997 0:00:00
1129,3/11/1997 0:00:00
1130,3/12/1997 0:00:00
1131,8/5/1997 0:00:00
1132,8/6/1997 0:00:00
1133,8/7/1997 0:00:00
1134,8/8/1997 0:00:00
1135,8/11/1997 0:00:00
1136,8/12/1997 0:00:00
1137,8/13/1997 0:00:00
1138,8/14/1997 0:00:00
1139,8/15/1997 0:00:00
1140,9/3/1997 0:00:00
1141,9/4/1997 0:00:00
1142,9/5/1997 0:00:00
1143,9/8/1997 0:00:00
1144,9/9/1997 0:00:00
1145,9/10/1997 0:00:00
1146,9/11/1997 0:00:00
1147,10/6/1997 0:00:00
1148,10/7/1997 0:00:00
1149,10/8/1997 0:00:00
1150,10/9/1997 0:00:00
1151,10/14/1997 0:00:00
1152,10/15/1997 0:00:00
1153,10/16/1997 0:00:00
1154,10/17/1997 0:00:00
1155,11/3/1997 0:00:00
1156,11/4/1997 0:00:00
1157,11/5/1997 0:00:00
1158,11/6/1997 0:00:00
1159,11/10/1997 0:00:00
1160,11/12/1997 0:00:00
1161,11/13/1997 0:00:00
1162,11/14/1997 0:00:00
1163,12/1/1997 0:00:00
1164,12/2/1997 0:00:00
1165,12/3/1997 0:00:00
1166,12/4/1997 0:00:00
1167,12/8/1997 0:00:00
1168,12/9/1997 0:00:00
1169,12/10/1997 0:00:00
1170,1/5/1998 0:00:00
1171,1/6/1998 0:00:00
1172,1/7/1998 0:00:00
1173,1/8/1998 0:00:00
1174,1/12/1998 0:00:00
1175,1/13/1998 0:00:00
1176,1/14/1998 0:00:00
1177,3/2/1998 0:00:00
1178,3/3/1998 0:00:00
1179,3/4/1998 0:00:00
1180,3/5/1998 0:00:00
1181,3/9/1998 0:00:00
1182,3/10/1998 0:00:00
1183,9/14/1998 0:00:00
1184,9/15/1998 0:00:00
1185,9/16/1998 0:00:00
1186,9/17/1998 0:00:00
1187,9/21/1998 0:00:00
1188,9/22/1998 0:00:00
1189,9/23/1998 0:00:00
1190,9/24/1998 0:00:00
1191,10/13/1998 0:00:00
1192,10/14/1998 0:00:00
1193,10/15/1998 0:00:00
1194,10/19/1998 0:00:00
1195,10/20/1998 0:00:00
1196,10/21/1998 0:00:00
1197,10/22/1998 0:00:00
1198,11/2/1998 0:00:00
1199,11/3/1998 0:00:00
1200,11/4/1998 0:00:00
1201,11/16/1998 0:00:00
1202,11/19/1998 0:00:00
1203,11/23/1998 0:00:00
1204,11/24/1998 0:00:00
1205,11/25/1998 0:00:00
1206,12/7/1998 0:00:00
1207,12/8/1998 0:00:00
1208,12/15/1998 0:00:00
1209,12/16/1998 0:00:00
1210,12/17/1998 0:00:00
1211,12/22/1998 0:00:00
1212,2/4/1999 0:00:00
1213,2/5/1999 0:00:00
1214,2/8/1999 0:00:00
1215,2/10/1999 0:00:00
1216,2/16/1999 0:00:00
1217,2/17/1999 0:00:00
1218,2/18/1999 0:00:00
1219,2/22/1999 0:00:00
1220,3/8/1999 0:00:00
1221,3/9/1999 0:00:00
1222,3/10/1999 0:00:00
1223,3/11/1999 0:00:00
1224,3/15/1999 0:00:00
1225,3/16/1999 0:00:00
1226,3/17/1999 0:00:00
1227,9/7/1999 0:00:00
1228,9/8/1999 0:00:00
1229,9/9/1999 0:00:00
1230,9/13/1999 0:00:00
1231,9/14/1999 0:00:00
1232,9/15/1999 0:00:00
1233,9/16/1999 0:00:00
1234,10/4/1999 0:00:00
1235,10/5/1999 0:00:00
1236,10/6/1999 0:00:00
1237,10/7/1999 0:00:00
1238,10/12/1999 0:00:00
1239,10/13/1999 0:00:00
1240,10/14/1999 0:00:00
1241,11/1/1999 0:00:00
1242,11/2/1999 0:00:00
1243,11/3/1999 0:00:00
1244,11/4/1999 0:00:00
1245,11/8/1999 0:00:00
1246,11/9/1999 0:00:00
1247,11/10/1999 0:00:00
1248,11/29/1999 0:00:00
1249,11/30/1999 0:00:00
1250,12/1/1999 0:00:00
1251,12/2/1999 0:00:00
1252,12/6/1999 0:00:00
1253,12/7/1999 0:00:00
1254,12/8/1999 0:00:00
1255,12/9/1999 0:00:00
1256,1/7/2000 0:00:00
1257,1/10/2000 0:00:00
1258,1/11/2000 0:00:00
1259,1/12/2000 0:00:00
1260,2/7/2000 0:00:00
1261,2/8/2000 0:00:00
1262,2/9/2000 0:00:00
1263,2/10/2000 0:00:00
1264,2/14/2000 0:00:00
1265,2/15/2000 0:00:00
1266,2/16/2000 0:00:00
1267,3/6/2000 0:00:00
1268,3/7/2000 0:00:00
1269,3/8/2000 0:00:00
1270,3/9/2000 0:00:00
1271,3/13/2000 0:00:00
1272,3/14/2000 0:00:00
1273,3/15/2000 0:00:00
1274,9/11/2000 0:00:00
1275,9/12/2000 0:00:00
1276,9/13/2000 0:00:00
1277,9/14/2000 0:00:00
1278,9/15/2000 0:00:00
1279,9/18/2000 0:00:00
1280,10/2/2000 0:00:00
1281,10/3/2000 0:00:00
1282,10/4/2000 0:00:00
1283,10/5/2000 0:00:00
1284,10/10/2000 0:00:00
1285,10/11/2000 0:00:00
1286,10/12/2000 0:00:00
1287,11/6/2000 0:00:00
1288,11/7/2000 0:00:00
1289,11/8/2000 0:00:00
1290,11/13/2000 0:00:00
1291,11/14/2000 0:00:00
1292,11/15/2000 0:00:00
1293,11/16/2000 0:00:00
1294,12/4/2000 0:00:00
1295,12/5/2000 0:00:00
1296,12/6/2000 0:00:00
1297,12/7/2000 0:00:00
1298,12/11/2000 0:00:00
1299,12/12/2000 0:00:00
1300,12/13/2000 0:00:00
1301,12/14/2000 0:00:00
1302,1/4/2001 0:00:00
1303,1/5/2001 0:00:00
1304,1/8/2001 0:00:00
1305,1/9/2001 0:00:00
1306,1/10/2001 0:00:00
1307,1/11/2001 0:00:00
1308,1/12/2001 0:00:00
1309,1/16/2001 0:00:00
1310,2/5/2001 0:00:00
1311,2/6/2001 0:00:00
1312,2/7/2001 0:00:00
1313,2/8/2001 0:00:00
1314,2/20/2001 0:00:00
1315,2/21/2001 0:00:00
1316,2/22/2001 0:00:00
1317,2/23/2001 0:00:00
1318,3/5/2001 0:00:00
1319,3/6/2001 0:00:00
1320,3/7/2001 0:00:00
1321,3/8/2001 0:00:00
1322,3/12/2001 0:00:00
1323,3/13/2001 0:00:00
1324,3/14/2001 0:00:00
1325,3/23/2001 0:00:00
1326,9/4/2001 0:00:00
1327,9/5/2001 0:00:00
1328,9/6/2001 0:00:00
1329,9/10/2001 0:00:00
1330,9/11/2001 0:00:00
1331,9/12/2001 0:00:00
1332,9/13/2001 0:00:00
1333,10/1/2001 0:00:00
1334,10/2/2001 0:00:00
1335,10/3/2001 0:00:00
1336,10/4/2001 0:00:00
1337,10/9/2001 0:00:00
1338,10/10/2001 0:00:00
1339,10/11/2001 0:00:00
1340,11/5/2001 0:00:00
1341,11/6/2001 0:00:00
1342,11/7/2001 0:00:00
1343,11/8/2001 0:00:00
1344,11/13/2001 0:00:00
1345,11/14/2001 0:00:00
1346,11/15/2001 0:00:00
1347,11/16/2001 0:00:00
1348,12/4/2001 0:00:00
1349,12/5/2001 0:00:00
1350,12/6/2001 0:00:00
1351,12/7/2001 0:00:00
1352,12/11/2001 0:00:00
1353,12/12/2001 0:00:00
1354,12/14/2001 0:00:00
1355,9/10/2002 0:00:00
1356,9/11/2002 0:00:00
1357,9/12/2002 0:00:00
1358,9/16/2002 0:00:00
1359,9/17/2002 0:00:00
1360,9/18/2002 0:00:00
1361,9/19/2002 0:00:00
1362,10/7/2002 0:00:00
1363,10/8/2002 0:00:00
1364,10/9/2002 0:00:00
1365,10/10/2002 0:00:00
1366,10/15/2002 0:00:00
1367,10/16/2002 0:00:00
1368,10/17/2002 0:00:00
1369,11/4/2002 0:00:00
1370,11/5/2002 0:00:00
1371,11/6/2002 0:00:00
1372,11/7/2002 0:00:00
1373,11/12/2002 0:00:00
1374,11/13/2002 0:00:00
1375,11/14/2002 0:00:00
1376,12/2/2002 0:00:00
1377,12/3/2002 0:00:00
1378,12/4/2002 0:00:00
1379,12/5/2002 0:00:00
1380,12/9/2002 0:00:00
1381,12/10/2002 0:00:00
1382,12/11/2002 0:00:00
1383,9/8/2003 0:00:00
1384,9/9/2003 0:00:00
1385,9/10/2003 0:00:00
1386,9/11/2003 0:00:00
1387,9/15/2003 0:00:00
1388,9/16/2003 0:00:00
1389,9/18/2003 0:00:00
1390,10/6/2003 0:00:00
1391,10/7/2003 0:00:00
1392,10/8/2003 0:00:00
1393,10/9/2003 0:00:00
1394,10/14/2003 0:00:00
1395,10/15/2003 0:00:00
1396,10/16/2003 0:00:00
1397,10/17/2003 0:00:00
1398,11/3/2003 0:00:00
1399,11/4/2003 0:00:00
1400,11/5/2003 0:00:00
1401,11/6/2003 0:00:00
1402,11/10/2003 0:00:00
1403,11/12/2003 0:00:00
1404,11/13/2003 0:00:00
1405,11/14/2003 0:00:00
1406,12/1/2003 0:00:00
1407,12/2/2003 0:00:00
1408,12/3/2003 0:00:00
1409,12/4/2003 0:00:00
1410,12/8/2003 0:00:00
1411,12/9/2003 0:00:00
1412,12/10/2003 0:00:00
1413,12/11/2003 0:00:00
1414,9/13/2004 0:00:00
1415,9/14/2004 0:00:00
1416,9/16/2004 0:00:00
1417,9/17/2004 0:00:00
1418,9/20/2004 0:00:00
1419,9/21/2004 0:00:00
1420,9/22/2004 0:00:00
1421,9/23/2004 0:00:00
1422,10/4/2004 0:00:00
1423,10/5/2004 0:00:00
1424,10/7/2004 0:00:00
1425,10/12/2004 0:00:00
1426,10/13/2004 0:00:00
1427,10/14/2004 0:00:00
1428,10/15/2004 0:00:00
1429,11/1/2004 0:00:00
1430,11/3/2004 0:00:00
1431,11/4/2004 0:00:00
1432,11/5/2004 0:00:00
1433,11/8/2004 0:00:00
1434,11/9/2004 0:00:00
1435,11/10/2004 0:00:00
1436,12/6/2004 0:00:00
1437,12/7/2004 0:00:00
1438,12/9/2004 0:00:00
1439,12/13/2004 0:00:00
1440,12/14/2004 0:00:00
1441,12/15/2004 0:00:00
1442,12/16/2004 0:00:00
1443,9/6/2005 0:00:00
1444,9/7/2005 0:00:00
1445,9/8/2005 0:00:00
1446,9/12/2005 0:00:00
1447,9/13/2005 0:00:00
1448,9/14/2005 0:00:00
1449,9/15/2005 0:00:00
1450,9/19/2005 0:00:00
1451,10/3/2005 0:00:00
1452,10/4/2005 0:00:00
1453,10/5/2005 0:00:00
1454,10/6/2005 0:00:00
1455,10/11/2005 0:00:00
1456,10/12/2005 0:00:00
1457,10/17/2005 0:00:00
1458,10/31/2005 0:00:00
1459,11/1/2005 0:00:00
1460,11/2/2005 0:00:00
1461,11/3/2005 0:00:00
1462,11/7/2005 0:00:00
1463,11/9/2005 0:00:00
1464,11/10/2005 0:00:00
1465,11/14/2005 0:00:00
1466,12/5/2005 0:00:00
1467,12/6/2005 0:00:00
1468,12/7/2005 0:00:00
1469,12/8/2005 0:00:00
1470,12/12/2005 0:00:00
1471,12/13/2005 0:00:00
1472,12/14/2005 0:00:00
1473,12/15/2005 0:00:00
1474,12/16/2005 0:00:00
1475,9/5/2006 0:00:00
1476,9/6/2006 0:00:00
1477,9/7/2006 0:00:00
1478,9/8/2006 0:00:00
1479,9/11/2006 0:00:00
1480,9/12/2006 0:00:00
1481,9/13/2006 0:00:00
1482,9/14/2006 0:00:00
1483,9/15/2006 0:00:00
1484,9/18/2006 0:00:00
1485,10/6/2006 0:00:00
1486,10/10/2006 0:00:00
1487,10/11/2006 0:00:00
1488,10/12/2006 0:00:00
1489,10/13/2006 0:00:00
1490,10/16/2006 0:00:00
1491,10/17/2006 0:00:00
1492,10/18/2006 0:00:00
1493,10/19/2006 0:00:00
1494,11/6/2006 0:00:00
1495,11/7/2006 0:00:00
1496,11/8/2006 0:00:00
1497,11/13/2006 0:00:00
1498,11/14/2006 0:00:00
1499,11/15/2006 0:00:00
1500,11/16/2006 0:00:00
1501,11/17/2006 0:00:00
1502,11/21/2006 0:00:00
1503,12/4/2006 0:00:00
1504,12/5/2006 0:00:00
1505,12/6/2006 0:00:00
1506,12/7/2006 0:00:00
1507,12/8/2006 0:00:00
1508,12/11/2006 0:00:00
1509,12/12/2006 0:00:00
1510,12/13/2006 0:00:00
1511,12/14/2006 0:00:00
1512,12/15/2006 0:00:00
1513,9/4/2007 0:00:00
1514,9/5/2007 0:00:00
1515,9/6/2007 0:00:00
1516,9/10/2007 0:00:00
1517,9/11/2007 0:00:00
1518,9/12/2007 0:00:00
1519,9/13/2007 0:00:00
1520,9/17/2007 0:00:00
1521,9/18/2007 0:00:00
1522,10/1/2007 0:00:00
1523,10/2/2007 0:00:00
1524,10/3/2007 0:00:00
1525,10/4/2007 0:00:00
1526,10/9/2007 0:00:00
1527,10/10/2007 0:00:00
1528,10/11/2007 0:00:00
1529,10/15/2007 0:00:00
1530,10/16/2007 0:00:00
1531,11/5/2007 0:00:00
1532,11/6/2007 0:00:00
1533,11/7/2007 0:00:00
1534,11/8/2007 0:00:00
1535,11/9/2007 0:00:00
1536,11/13/2007 0:00:00
1537,11/14/2007 0:00:00
1538,11/15/2007 0:00:00
1539,11/16/2007 0:00:00
1540,12/4/2007 0:00:00
1541,12/5/2007 0:00:00
1542,12/6/2007 0:00:00
1543,12/10/2007 0:00:00
1544,12/11/2007 0:00:00
1545,12/12/2007 0:00:00
1546,12/13/2007 0:00:00
1547,12/14/2007 0:00:00
1548,12/17/2007 0:00:00
1549,9/8/2008 0:00:00
1550,9/9/2008 0:00:00
1551,9/10/2008 0:00:00
1552,9/11/2008 0:00:00
1553,9/12/2008 0:00:00
1554,9/15/2008 0:00:00
1555,9/16/2008 0:00:00
1556,9/17/2008 0:00:00
1557,9/18/2008 0:00:00
1558,10/6/2008 0:00:00
1559,10/7/2008 0:00:00
1560,10/8/2008 0:00:00
1561,10/9/2008 0:00:00
1562,10/10/2008 0:00:00
1563,10/14/2008 0:00:00
1564,10/15/2008 0:00:00
1565,10/16/2008 0:00:00
1566,10/17/2008 0:00:00
1567,11/3/2008 0:00:00
1568,11/4/2008 0:00:00
1569,11/5/2008 0:00:00
1570,11/6/2008 0:00:00
1571,11/7/2008 0:00:00
1572,11/10/2008 0:00:00
1573,11/12/2008 0:00:00
1574,11/13/2008 0:00:00
1575,11/14/2008 0:00:00
1576,12/2/2008 0:00:00
1577,12/3/2008 0:00:00
1578,12/4/2008 0:00:00
1579,12/5/2008 0:00:00
1580,12/8/2008 0:00:00
1581,12/9/2008 0:00:00
1582,12/10/2008 0:00:00
1583,12/11/2008 0:00:00
1584,12/12/2008 0:00:00
1585,12/16/2008 0:00:00
1586,12/17/2008 0:00:00
1587,9/8/2009 0:00:00
1588,9/9/2009 0:00:00
1589,9/10/2009 0:00:00
1590,9/14/2009 0:00:00
1591,9/15/2009 0:00:00
1592,9/16/2009 0:00:00
1593,9/17/2009 0:00:00
1594,9/21/2009 0:00:00
1595,9/22/2009 0:00:00
1596,9/30/2009 0:00:00
1597,10/5/2009 0:00:00
1598,10/6/2009 0:00:00
1599,10/7/2009 0:00:00
1600,10/12/2009 0:00:00
1601,10/13/2009 0:00:00
1602,10/14/2009 0:00:00
1603,10/15/2009 0:00:00
1604,10/19/2009 0:00:00
1605,10/20/2009 0:00:00
1606,10/21/2009 0:00:00
1607,10/28/2009 0:00:00
1608,11/2/2009 0:00:00
1609,11/3/2009 0:00:00
1610,11/4/2009 0:00:00
1611,11/5/2009 0:00:00
1612,11/9/2009 0:00:00
1613,11/10/2009 0:00:00
1614,11/12/2009 0:00:00
1615,11/16/2009 0:00:00
1616,11/17/2009 0:00:00
1617,11/18/2009 0:00:00
1618,12/1/2009 0:00:00
1619,12/2/2009 0:00:00
1620,12/3/2009 0:00:00
1621,12/7/2009 0:00:00
1622,12/8/2009 0:00:00
1623,12/9/2009 0:00:00
1624,12/10/2009 0:00:00
1625,12/14/2009 0:00:00
1626,12/15/2009 0:00:00
1627,12/16/2009 0:00:00
1628,12/17/2009 0:00:00
1629,9/7/2010 0:00:00
1630,9/8/2010 0:00:00
1631,9/9/2010 0:00:00
1632,9/13/2010 0:00:00
1633,9/14/2010 0:00:00
1634,9/15/2010 0:00:00
1635,9/16/2010 0:00:00
1636,9/20/2010 0:00:00
1637,9/21/2010 0:00:00
1638,9/22/2010 0:00:00
1639,9/23/2010 0:00:00
1640,9/29/2010 0:00:00
1641,10/4/2010 0:00:00
1642,10/5/2010 0:00:00
1643,10/6/2010 0:00:00
1644,10/7/2010 0:00:00
1645,10/12/2010 0:00:00
1646,10/13/2010 0:00:00
1647,10/14/2010 0:00:00
1648,10/18/2010 0:00:00
1649,10/19/2010 0:00:00
1650,11/1/2010 0:00:00
1651,11/2/2010 0:00:00
1652,11/3/2010 0:00:00
1653,11/4/2010 0:00:00
1654,11/8/2010 0:00:00
1655,11/9/2010 0:00:00
1656,11/10/2010 0:00:00
1657,11/15/2010 0:00:00
1658,11/16/2010 0:00:00
1659,12/1/2010 0:00:00
1660,12/2/2010 0:00:00
1661,12/3/2010 0:00:00
1662,12/6/2010 0:00:00
1663,12/7/2010 0:00:00
1664,12/8/2010 0:00:00
1665,9/6/2011 0:00:00
1666,9/7/2011 0:00:00
1667,9/8/2011 0:00:00
1668,9/12/2011 0:00:00
1669,9/13/2011 0:00:00
1670,9/14/2011 0:00:00
1671,9/15/2011 0:00:00
1672,9/16/2011 0:00:00
1673,9/19/2011 0:00:00
1674,9/20/2011 0:00:00
1675,10/3/2011 0:00:00
1676,10/4/2011 0:00:00
1677,10/5/2011 0:00:00
1678,10/6/2011 0:00:00
1679,10/7/2011 0:00:00
1680,10/10/2011 0:00:00
1681,10/11/2011 0:00:00
1682,10/12/2011 0:00:00
1683,10/13/2011 0:00:00
1684,10/14/2011 0:00:00
1685,11/7/2011 0:00:00
1686,11/8/2011 0:00:00
1687,11/9/2011 0:00:00
1688,11/10/2011 0:00:00
1689,11/14/2011 0:00:00
1690,11/15/2011 0:00:00
1691,11/16/2011 0:00:00
1692,11/17/2011 0:00:00
1693,11/18/2011 0:00:00
1694,11/21/2011 0:00:00
1695,12/5/2011 0:00:00
1696,12/6/2011 0:00:00
1697,12/7/2011 0:00:00
1698,12/8/2011 0:00:00
1699,12/9/2011 0:00:00
1700,12/12/2011 0:00:00
1701,12/13/2011 0:00:00
1702,12/14/2011 0:00:00
1703,12/15/2011 0:00:00
1704,12/16/2011 0:00:00
1705,9/4/2012 0:00:00
1706,9/5/2012 0:00:00
1707,9/6/2012 0:00:00
1708,9/10/2012 0:00:00
1709,9/11/2012 0:00:00
1710,9/12/2012 0:00:00
1711,9/13/2012 0:00:00
1712,9/17/2012 0:00:00
1713,9/18/2012 0:00:00
1714,9/19/2012 0:00:00
1715,10/1/2012 0:00:00
1716,10/2/2012 0:00:00
1717,10/3/2012 0:00:00
1718,10/4/2012 0:00:00
1719,10/11/2012 0:00:00
1720,10/15/2012 0:00:00
1721,10/16/2012 0:00:00
1722,10/17/2012 0:00:00
1723,10/18/2012 0:00:00
1724,11/5/2012 0:00:00
1725,11/6/2012 0:00:00
1726,11/7/2012 0:00:00
1727,11/8/2012 0:00:00
1728,11/13/2012 0:00:00
1729,11/14/2012 0:00:00
1730,11/15/2012 0:00:00
1731,12/3/2012 0:00:00
1732,12/4/2012 0:00:00
1733,12/5/2012 0:00:00
1734,12/6/2012 0:00:00
1735,12/7/2012 0:00:00
1736,12/11/2012 0:00:00
1737,12/12/2012 0:00:00
1738,9/3/2013 0:00:00
1739,9/4/2013 0:00:00
1740,9/5/2013 0:00:00
1741,9/9/2013 0:00:00
1742,9/10/2013 0:00:00
1743,9/11/2013 0:00:00
1744,9/12/2013 0:00:00
1745,9/16/2013 0:00:00
1746,9/17/2013 0:00:00
1747,9/18/2013 0:00:00
1748,10/1/2013 0:00:00
1749,10/2/2013 0:00:00
1750,10/3/2013 0:00:00
1751,10/7/2013 0:00:00
1752,10/8/2013 0:00:00
1753,10/9/2013 0:00:00
1754,10/10/2013 0:00:00
1755,10/14/2013 0:00:00
1756,10/15/2013 0:00:00
1757,10/16/2013 0:00:00
1758,11/4/2013 0:00:00
1759,11/5/2013 0:00:00
1760,11/6/2013 0:00:00
1761,11/7/2013 0:00:00
1762,11/12/2013 0:00:00
1763,11/13/2013 0:00:00
1764,11/14/2013 0:00:00
1765,11/18/2013 0:00:00
1766,11/19/2013 0:00:00
1767,11/20/2013 0:00:00
1768,12/2/2013 0:00:00
1769,12/3/2013 0:00:00
1770,12/4/2013 0:00:00
1771,12/5/2013 0:00:00
1772,12/9/2013 0:00:00
1773,12/10/2013 0:00:00
1774,12/11/2013 0:00:00
1775,12/12/2013 0:00:00
1776,12/16/2013 0:00:00
1777,12/17/2013 0:00:00
1778,9/3/2014 0:00:00
1779,9/4/2014 0:00:00
1780,9/8/2014 0:00:00
1781,9/9/2014 0:00:00
1782,9/10/2014 0:00:00
1783,9/11/2014 0:00:00
1784,9/15/2014 0:00:00
1785,9/16/2014 0:00:00
1786,9/17/2014 0:00:00
1787,9/18/2014 0:00:00
1788,10/1/2014 0:00:00
1789,10/2/2014 0:00:00
1790,10/6/2014 0:00:00
1791,10/7/2014 0:00:00
1792,10/8/2014 0:00:00
1793,10/9/2014 0:00:00
1794,10/13/2014 0:00:00
1795,10/14/2014 0:00:00
1796,10/15/2014 0:00:00
1797,10/16/2014 0:00:00
1798,10/20/2014 0:00:00
1799,11/3/2014 0:00:00
1800,11/4/2014 0:00:00
1801,11/5/2014 0:00:00
1802,11/6/2014 0:00:00
1803,11/10/2014 0:00:00
1804,11/12/2014 0:00:00
1805,11/13/2014 0:00:00
1806,11/17/2014 0:00:00
1807,11/18/2014 0:00:00
1808,11/19/2014 0:00:00
1809,12/1/2014 0:00:00
1810,12/2/2014 0:00:00
1811,12/3/2014 0:00:00
1812,12/4/2014 0:00:00
1813,12/8/2014 0:00:00
1814,12/9/2014 0:00:00
1815,12/10/2014 0:00:00
1816,12/15/2014 0:00:00
1817,12/16/2014 0:00:00
1818,12/17/2014 0:00:00
1819,8/31/2015 0:00:00
1820,9/1/2015 0:00:00
1821,9/2/2015 0:00:00
1822,9/3/2015 0:00:00
1823,9/8/2015 0:00:00
1824,9/9/2015 0:00:00
1825,9/10/2015 0:00:00
1826,9/14/2015 0:00:00
1827,9/15/2015 0:00:00
1828,9/16/2015 0:00:00
1829,10/5/2015 0:00:00
1830,10/6/2015 0:00:00
1831,10/7/2015 0:00:00
1832,10/8/2015 0:00:00
1833,10/12/2015 0:00:00
1834,10/13/2015 0:00:00
1835,10/14/2015 0:00:00
1836,10/15/2015 0:00:00
1837,10/19/2015 0:00:00
1838,10/20/2015 0:00:00
1839,11/2/2015 0:00:00
1840,11/3/2015 0:00:00
1841,11/4/2015 0:00:00
1842,11/5/2015 0:00:00
1843,11/9/2015 0:00:00
1844,11/10/2015 0:00:00
1845,11/12/2015 0:00:00
1846,11/16/2015 0:00:00
1847,11/17/2015 0:00:00
1848,11/18/2015 0:00:00
1849,11/19/2015 0:00:00
1850,11/30/2015 0:00:00
1851,12/1/2015 0:00:00
1852,12/2/2015 0:00:00
1853,12/3/2015 0:00:00
1854,12/4/2015 0:00:00
1855,12/7/2015 0:00:00
1856,12/8/2015 0:00:00
1857,12/9/2015 0:00:00
1858,12/10/2015 0:00:00
1859,12/11/2015 0:00:00
1860,9/6/2016 0:00:00
1861,9/7/2016 0:00:00
1862,9/8/2016 0:00:00
1863,9/12/2016 0:00:00
1864,9/13/2016 0:00:00
1865,9/14/2016 0:00:00
1866,9/15/2016 0:00:00
1867,9/19/2016 0:00:00
1868,9/20/2016 0:00:00
1869,9/21/2016 0:00:00
1870,10/3/2016 0:00:00
1871,10/4/2016 0:00:00
1872,10/5/2016 0:00:00
1873,10/6/2016 0:00:00
1874,10/10/2016 0:00:00
1875,10/11/2016 0:00:00
1876,10/12/2016 0:00:00
1877,10/13/2016 0:00:00
1878,10/17/2016 0:00:00
1879,10/18/2016 0:00:00
1880,10/31/2016 0:00:00
1881,11/1/2016 0:00:00
1882,11/2/2016 0:00:00
1883,11/3/2016 0:00:00
1884,11/4/2016 0:00:00
1885,11/7/2016 0:00:00
1886,11/8/2016 0:00:00
1887,11/9/2016 0:00:00
1888,11/10/2016 0:00:00
1889,11/14/2016 0:00:00
1890,11/28/2016 0:00:00
1891,11/29/2016 0:00:00
1892,11/30/2016 0:00:00
1893,12/1/2016 0:00:00
1894,12/2/2016 0:00:00
1895,12/5/2016 0:00:00
1896,12/6/2016 0:00:00
1897,12/7/2016 0:00:00
1898,12/8/2016 0:00:00
1899,12/9/2016 0:00:00
1900,12/12/2016 0:00:00
1901,12/13/2016 0:00:00
1902,9/5/2017 0:00:00
1903,9/6/2017 0:00:00
1904,9/7/2017 0:00:00
1905,9/11/2017 0:00:00
1906,9/12/2017 0:00:00
1907,9/13/2017 0:00:00
1908,9/14/2017 0:00:00
1909,9/18/2017 0:00:00
1910,9/19/2017 0:00:00
1911,9/20/2017 0:00:00
1912,10/2/2017 0:00:00
1913,10/3/2017 0:00:00
1914,10/4/2017 0:00:00
1915,10/5/2017 0:00:00
1916,10/9/2017 0:00:00
1917,10/10/2017 0:00:00
1918,10/11/2017 0:00:00
1919,10/12/2017 0:00:00
1920,10/17/2017 0:00:00
1921,10/18/2017 0:00:00
1922,10/30/2017 0:00:00
1923,10/31/2017 0:00:00
1924,11/1/2017 0:00:00
1925,11/2/2017 0:00:00
1926,11/6/2017 0:00:00
1927,11/7/2017 0:00:00
1928,11/8/2017 0:00:00
1929,11/9/2017 0:00:00
1930,11/13/2017 0:00:00
1931,11/14/2017 0:00:00
1932,11/29/2017 0:00:00
1933,11/30/2017 0:00:00
1934,12/4/2017 0:00:00
1935,12/5/2017 0:00:00
1936,12/6/2017 0:00:00
1937,12/7/2017 0:00:00
1938,12/8/2017 0:00:00
1939,12/11/2017 0:00:00
1940,12/12/2017 0:00:00
1941,12/13/2017 0:00:00
1942,12/14/2017 0:00:00
1943,9/19/2006 0:00:00
1944,9/6/2014 0:00:00
1945,8/30/2016 0:00:00
1946,9/8/2017 0:00:00
1967,9/7/2018 0:00:00
1968,9/10/2018 0:00:00
1969,9/6/2018 0:00:00
1970,9/12/2018 0:00:00
1971,9/5/2018 0:00:00
1972,9/14/2018 0:00:00
1973,9/13/2018 0:00:00
1975,9/11/2018 0:00:00
1979,9/17/2018 0:00:00
1980,9/4/2018 0:00:00
1983,10/1/2018 0:00:00
1984,10/2/2018 0:00:00
1985,10/4/2018 0:00:00
1986,10/3/2018 0:00:00
1987,10/5/2018 0:00:00
1988,10/8/2018 0:00:00
1991,10/9/2018 0:00:00
1992,10/10/2018 0:00:00
1993,10/11/2018 0:00:00
1994,10/12/2018 0:00:00
1995,10/15/2018 0:00:00
2002,10/31/2018 0:00:00
2003,10/29/2018 0:00:00
2004,10/30/2018 0:00:00
2005,11/1/2018 0:00:00
2006,11/2/2018 0:00:00
2007,11/5/2018 0:00:00
2008,11/6/2018 0:00:00
2009,11/7/2018 0:00:00
2010,11/8/2018 0:00:00
2011,11/13/2018 0:00:00
2012,12/4/2018 0:00:00
2013,12/3/2018 0:00:00
2014,12/5/2018 0:00:00
2015,12/10/2018 0:00:00
2016,12/12/2018 0:00:00
2017,12/11/2018 0:00:00
2019,12/6/2018 0:00:00
2020,12/7/2018 0:00:00
2021,12/18/2018 0:00:00
2022,12/17/2018 0:00:00
2023,12/14/2018 0:00:00
2024,9/16/2019 0:00:00
2025,9/13/2019 0:00:00
2026,9/12/2019 0:00:00
2027,9/11/2019 0:00:00
2028,9/3/2019 0:00:00
2029,9/5/2019 0:00:00
2030,9/4/2019 0:00:00
2031,9/6/2019 0:00:00
2032,9/9/2019 0:00:00
2033,9/10/2019 0:00:00
2034,9/30/2019 0:00:00
2035,10/1/2019 0:00:00
2038,10/2/2019 0:00:00
2039,10/3/2019 0:00:00
2040,10/4/2019 0:00:00
2041,10/7/2019 0:00:00
2042,10/8/2019 0:00:00
2043,10/9/2019 0:00:00
2044,10/10/2019 0:00:00
2045,10/11/2019 0:00:00
2046,11/4/2019 0:00:00
2047,11/5/2019 0:00:00
2048,11/6/2019 0:00:00
2049,11/7/2019 0:00:00
2050,11/8/2019 0:00:00
2051,11/12/2019 0:00:00
2052,11/13/2019 0:00:00
2054,11/14/2019 0:00:00
2055,11/15/2019 0:00:00
2056,11/18/2019 0:00:00
2057,11/21/2019 0:00:00
2058,12/2/2019 0:00:00
2059,12/3/2019 0:00:00
2060,12/4/2019 0:00:00
2061,12/5/2019 0:00:00
2062,12/10/2019 0:00:00
2063,12/9/2019 0:00:00
2064,12/11/2019 0:00:00
2065,12/12/2019 0:00:00
2068,12/13/2019 0:00:00
2069,12/16/2019 0:00:00
2070,12/17/2019 0:00:00
2071,12/18/2019 0:00:00
